id	area_id	name	level	max_hp	str	def	agi	mag	luk	exp_reward	gold_reward	appearance_weight	is_boss	sort_order	created_at	updated_at	job_exp_reward	role	type_name	element	action_pattern	drop_type	spr
1	1	スライム	1	32	10	5	5	4	2	8	6	50	0	0	2026/6/8 22:32	2026/6/9 22:17	0	雑魚	耐久型	自然	低火力・高耐久	通常	4
2	1	野うさぎ	1	30	11	4	8	4	3	8	6	30	0	0	2026/6/8 22:32	2026/6/9 22:17	0	雑魚	高速型	自然	先制・回避寄り	通常	4
3	1	草原コウモリ	2	38	13	6	10	5	3	14	9	15	0	0	2026/6/8 22:32	2026/6/9 22:17	0	やや強い	高速型	自然	先制・回避寄り	通常	5
4	1	見習い盗賊	3	44	15	7	10	5	4	22	13	4	0	0	2026/6/8 22:32	2026/6/9 22:17	0	レア敵	物理型	自然	通常攻撃多め	印候補	5
5	1	草むらウルフ	3	48	16	8	12	5	4	24	14	1	0	0	2026/6/8 22:32	2026/6/9 22:17	0	最深部候補	高速型	自然	先制・回避寄り	印候補	6
6	1	草原の大スライム	3	125	28	16	12	14	5	127	62	0	1	0	2026/6/8 22:32	2026/6/9 22:17	1	ボス	バランス型	自然	突出しすぎない標準ボス		12
7	2	ゴブリン	3	60	20	10	10	8	4	17	10	50	0	0	2026/6/8 22:32	2026/6/9 22:17	0	雑魚	物理型	自然	通常攻撃多め	通常	8
8	2	ゴブリン弓兵	4	64	21	10	14	8	5	24	13	30	0	0	2026/6/8 22:32	2026/6/9 22:17	0	雑魚	物理型	自然	通常攻撃多め	通常	8
9	2	森スライム	5	74	20	14	10	8	5	34	18	15	0	0	2026/6/8 22:32	2026/6/9 22:17	0	やや強い	耐久型	自然	低火力・高耐久	通常	10
10	2	小鬼シャーマン	5	68	16	10	12	22	6	38	20	4	0	0	2026/6/8 22:32	2026/6/9 22:17	0	レア敵	魔法型	自然	魔法攻撃寄り	印候補	14
11	2	ゴブリン隊長	6	86	26	15	14	10	6	51	26	1	0	0	2026/6/8 22:32	2026/6/9 22:17	0	最深部候補	物理型	自然	通常攻撃多め	印候補	12
12	2	小鬼の森の親分	6	210	38	24	18	16	7	268	129	0	1	0	2026/6/8 22:32	2026/6/9 22:17	1	ボス	物理型	自然	STRが高く通常攻撃が重い		18
13	3	古洞コウモリ	6	92	28	14	20	12	7	36	19	50	0	0	2026/6/8 22:32	2026/6/9 22:17	0	雑魚	高速型	無	先制・回避寄り	通常	12
14	3	古洞ワーム	7	108	30	18	14	12	6	47	23	30	0	0	2026/6/8 22:32	2026/6/9 22:17	0	雑魚	耐久型	無	低火力・高耐久	通常	16
15	3	スケルトン見習い	8	112	32	18	15	14	7	61	29	15	0	0	2026/6/8 22:32	2026/6/9 22:17	0	やや強い	アンデッド型	無	闇属性・耐久寄り	通常	16
16	3	石かじりネズミ	8	104	31	15	22	12	8	67	32	4	0	0	2026/6/8 22:32	2026/6/9 22:17	0	レア敵	高速型	無	先制・回避寄り	印候補	12
17	3	洞窟トロル	9	128	36	22	14	12	8	86	41	1	0	0	2026/6/8 22:32	2026/6/9 22:17	0	最深部候補	物理型	無	通常攻撃多め	印候補	16
18	3	洞窟の番人スカルナイト	9	285	46	32	22	22	9	424	200	0	1	0	2026/6/8 22:32	2026/6/9 22:17	1	ボス	耐久型	地	高HP・高防御で長期戦になりやすい		28
19	4	丘ウルフ	9	128	38	18	28	16	9	61	29	50	0	0	2026/6/8 22:32	2026/6/9 22:17	0	雑魚	高速型	無	先制・回避寄り	通常	16
20	4	銀毛ウルフ	10	140	40	20	32	16	10	75	35	30	0	0	2026/6/8 22:32	2026/6/9 22:17	0	雑魚	高速型	無	先制・回避寄り	通常	16
21	4	ハーピー	11	150	39	20	34	20	11	93	42	15	0	0	2026/6/8 22:32	2026/6/9 22:17	0	やや強い	高速型	無	先制・回避寄り	通常	20
22	4	ならず者斥候	11	150	42	21	34	16	11	105	46	4	0	0	2026/6/8 22:32	2026/6/9 22:17	0	レア敵	高速型	無	先制・回避寄り	印候補	18
23	4	群れの長	12	170	48	26	28	18	12	125	57	1	0	0	2026/6/8 22:32	2026/6/9 22:17	0	最深部候補	標準型	無	標準	印候補	22
24	4	銀狼ガルム	12	330	54	34	34	24	13	595	276	0	1	0	2026/6/8 22:32	2026/6/9 22:17	1	ボス	素早さ型	無	AGIが高く先制・回避が得意		28
25	5	ゾンビ	12	170	50	26	22	20	9	90	40	50	0	0	2026/6/8 22:32	2026/6/9 22:17	0	雑魚	アンデッド型	闇	闇属性・耐久寄り	通常	26
26	5	スケルトン	13	185	52	28	24	20	10	105	47	30	0	0	2026/6/8 22:32	2026/6/9 22:17	0	雑魚	アンデッド型	闇	闇属性・耐久寄り	通常	28
27	5	墓守の亡霊	14	195	48	28	26	54	11	130	56	15	0	0	2026/6/8 22:32	2026/6/9 22:17	0	やや強い	アンデッド型	闇	闇属性・耐久寄り	通常	34
28	5	呪いガラス	14	188	50	26	34	44	12	145	62	4	0	0	2026/6/8 22:32	2026/6/9 22:17	0	レア敵	アンデッド型	闇	闇属性・耐久寄り	印候補	30
29	5	墓地の騎士	15	220	58	34	28	20	13	175	74	1	0	0	2026/6/8 22:32	2026/6/9 22:17	0	最深部候補	物理型	闇	通常攻撃多め	印候補	30
30	5	墓守リッチ	15	410	60	38	34	60	15	780	356	0	1	0	2026/6/8 22:32	2026/6/9 22:17	1	ボス	状態異常型	闇	毒・呪いなどの状態異常を将来実装予定		42
31	6	泉スライム	15	225	58	36	28	26	12	120	53	50	0	0	2026/6/8 22:32	2026/6/9 22:17	0	雑魚	耐久型	水	低火力・高耐久	通常	34
32	6	泉のフェアリー	16	220	46	30	34	62	14	140	61	30	0	0	2026/6/8 22:32	2026/6/9 22:17	0	雑魚	魔法型	水	魔法攻撃寄り	通常	44
33	6	水精の子	17	250	52	34	36	66	15	170	72	15	0	0	2026/6/8 22:32	2026/6/9 22:17	0	やや強い	魔法型	水	魔法攻撃寄り	通常	46
34	6	いたずらピクシー	17	240	50	32	42	62	16	185	79	4	0	0	2026/6/8 22:32	2026/6/9 22:17	0	レア敵	魔法型	水	魔法攻撃寄り	印候補	42
35	6	泉の番人	18	285	64	42	34	42	16	225	93	1	0	0	2026/6/8 22:32	2026/6/9 22:17	0	最深部候補	標準型	水	標準	印候補	46
36	6	泉の妖精王ニンフィア	18	500	70	44	42	70	18	979	441	0	1	0	2026/6/8 22:32	2026/6/9 22:17	1	ボス	物理型	魔	STRが高く通常攻撃が重い		50
37	7	訓練兵	18	285	70	42	38	30	14	160	66	50	0	0	2026/6/8 22:32	2026/6/9 22:17	0	雑魚	物理型	無	通常攻撃多め	通常	34
38	7	見習い剣士	18	300	74	44	40	30	15	170	70	30	0	0	2026/6/8 22:32	2026/6/9 22:17	0	雑魚	物理型	無	通常攻撃多め	通常	34
39	7	見習い魔術師	19	295	54	38	40	78	16	200	82	15	0	0	2026/6/8 22:32	2026/6/9 22:17	0	やや強い	魔法型	無	魔法攻撃寄り	通常	52
40	7	教官の影	20	330	72	46	44	60	18	235	97	4	0	0	2026/6/8 22:32	2026/6/9 22:17	1	レア敵	標準型	無	標準	印候補	48
41	7	ゴブリンキング	20	360	82	52	40	36	19	263	109	1	0	0	2026/6/8 22:32	2026/6/9 22:17	2	ボス候補	物理型	無	通常攻撃多め・ボス補正	王印候補	42
42	7	訓練教官バルド	20	590	78	52	46	46	21	1680	750	0	1	0	2026/6/8 22:32	2026/6/9 22:17	3	ボス	物理型	無	STRが高く通常攻撃が重い		50
43	8	シーラット	20	324	52	28	24	24	6	185	75	0	0	0	2026/6/8 22:32	2026/6/9 22:17	1	雑魚	標準型	水	標準	通常	24
44	8	浜辺クラブ	21	344	56	28	28	24	6	210	86	0	0	0	2026/6/8 22:32	2026/6/9 22:17	1	雑魚	標準型	水	標準	通常	24
45	8	潮風スライム	22	372	60	32	28	24	7	245	99	0	0	0	2026/6/8 22:32	2026/6/9 22:17	1	やや強い	耐久型	水	低火力・高耐久	通常	24
46	8	海鳥ハンター	22	372	60	32	28	24	10	270	110	0	0	0	2026/6/8 22:32	2026/6/9 22:17	1	レア敵	高速型	水	先制・回避寄り	印候補	24
47	8	リーフリザード	23	400	60	32	28	24	9	315	125	0	0	0	2026/6/8 22:32	2026/6/9 22:17	1	最深部候補	標準型	水	標準	印候補	24
48	8	潮騒の大ガニ	23	600	88	48	40	36	13	1343	592	0	1	0	2026/6/8 22:32	2026/6/9 22:17	1	ボス	バランス型	水	突出しすぎない標準ボス		36
49	9	海蝕コウモリ	23	400	60	32	28	24	8	220	90	0	0	0	2026/6/8 22:32	2026/6/9 22:17	1	雑魚	高速型	無	先制・回避寄り	通常	24
50	9	海蝕ワーム	24	428	60	32	28	28	6	250	100	0	0	0	2026/6/8 22:32	2026/6/9 22:17	1	雑魚	耐久型	無	低火力・高耐久	通常	28
51	9	海蝕ゴーレム	25	460	64	32	32	28	6	290	115	0	0	0	2026/6/8 22:32	2026/6/9 22:17	1	やや強い	重装型	無	高防御・鈍足	通常	28
52	9	海蝕トカゲ	25	460	64	32	32	28	9	320	130	0	0	0	2026/6/8 22:32	2026/6/9 22:17	1	レア敵	標準型	無	標準	印候補	28
53	9	海蝕洞窟主	26	488	64	32	32	28	10	375	150	0	0	0	2026/6/8 22:32	2026/6/9 22:17	1	最深部候補	標準型	無	標準	印候補	28
54	9	海蝕甲殻獣シェルバイト	26	732	96	48	48	40	15	1580	689	0	1	0	2026/6/8 22:32	2026/6/9 22:17	1	ボス	耐久型	地	高HP・高防御で長期戦になりやすい		40
55	10	亡霊船員	26	488	64	32	32	28	5	265	105	0	0	0	2026/6/8 22:32	2026/6/9 22:17	1	雑魚	アンデッド型	無	闇属性・耐久寄り	通常	28
56	10	沈没船スライム	27	520	68	36	32	28	7	295	120	0	0	0	2026/6/8 22:32	2026/6/9 22:17	1	雑魚	耐久型	無	低火力・高耐久	通常	28
57	10	錆びた甲板兵	28	552	72	36	36	32	7	340	135	0	0	0	2026/6/8 22:32	2026/6/9 22:17	1	やや強い	重装型	無	高防御・鈍足	通常	28
58	10	海賊ゴースト	28	552	72	36	36	32	7	375	150	0	0	0	2026/6/8 22:32	2026/6/9 22:17	1	レア敵	アンデッド型	水	闇属性・耐久寄り	印候補	28
59	10	船底クラーケン	29	592	72	40	36	32	11	435	170	0	0	0	2026/6/8 22:32	2026/6/9 22:17	2	最深部候補	標準型	無	標準	印候補	28
60	10	幽霊船長バルボス	29	884	112	56	52	44	17	1832	790	0	1	0	2026/6/8 22:32	2026/6/9 22:17	1	ボス	物理型	闇	STRが高く通常攻撃が重い		44
61	11	マーメイド	29	592	72	40	36	32	8	310	120	0	0	0	2026/6/8 22:32	2026/6/9 22:17	1	雑魚	標準型	水	標準	通常	28
62	11	泡の精霊	30	624	76	40	36	28	9	345	135	0	0	0	2026/6/8 22:32	2026/6/9 22:17	1	雑魚	魔法型	水	魔法攻撃寄り	通常	28
63	11	シーサーペント幼体	31	664	76	40	36	28	10	395	155	0	0	0	2026/6/8 22:32	2026/6/9 22:17	1	やや強い	竜型	水	高火力・高耐久	通常	28
64	11	歌う貝	31	664	76	40	36	28	9	435	170	0	0	0	2026/6/8 22:32	2026/6/9 22:17	1	レア敵	耐久型	水	低火力・高耐久	印候補	28
65	11	入り江の守護者	32	700	80	44	36	32	9	505	195	0	0	0	2026/6/8 22:32	2026/6/9 22:17	2	最深部候補	重装型	水	高防御・鈍足	印候補	32
66	11	人魚姫セイレーン	32	1052	120	60	56	48	19	2099	896	0	1	0	2026/6/8 22:32	2026/6/9 22:17	1	ボス	バランス型	魔	突出しすぎない標準ボス		48
67	12	海賊下っ端	32	700	80	44	36	32	8	355	140	0	0	0	2026/6/8 22:32	2026/6/9 22:17	1	雑魚	物理型	水	通常攻撃多め	通常	32
68	12	海賊射手	33	740	84	44	40	32	9	395	155	0	0	0	2026/6/8 22:32	2026/6/9 22:17	1	雑魚	物理型	水	通常攻撃多め	通常	32
69	12	荒くれ航海士	34	780	84	44	40	32	9	450	175	0	0	0	2026/6/8 22:32	2026/6/9 22:17	1	やや強い	耐久型	水	低火力・高耐久	通常	32
70	12	爆弾使い	34	780	84	44	40	32	11	495	190	0	0	0	2026/6/8 22:32	2026/6/9 22:17	2	レア敵	標準型	無	標準	印候補	32
71	12	海賊王の副官	35	824	88	48	44	36	12	570	220	0	0	0	2026/6/8 22:32	2026/6/9 22:17	2	最深部候補	物理型	水	通常攻撃多め	印候補	36
72	12	海賊頭ドレイク	35	1232	136	72	64	52	21	2380	1006	0	1	0	2026/6/8 22:32	2026/6/9 22:17	1	ボス	バランス型	水	突出しすぎない標準ボス		52
73	13	珊瑚スライム	35	824	88	48	44	36	8	405	155	0	0	0	2026/6/8 22:32	2026/6/9 22:17	1	雑魚	耐久型	水	低火力・高耐久	通常	36
74	13	リーフガーディアン	36	868	92	48	44	36	10	450	170	0	0	0	2026/6/8 22:32	2026/6/9 22:17	1	雑魚	標準型	無	標準	通常	36
75	13	迷宮クラブ	37	912	96	52	48	36	11	510	195	0	0	0	2026/6/8 22:32	2026/6/9 22:17	2	やや強い	標準型	無	標準	通常	36
76	13	毒イソギンチャク	37	912	96	52	48	36	12	560	215	0	0	0	2026/6/8 22:32	2026/6/9 22:17	2	レア敵	標準型	無	標準	印候補	36
77	13	珊瑚の魔獣	38	956	96	52	48	40	13	645	245	0	0	0	2026/6/8 22:32	2026/6/9 22:17	2	最深部候補	標準型	水	標準	印候補	40
78	13	珊瑚の迷宮主コーラルゴーレム	38	1432	148	80	68	60	22	2675	1121	0	1	0	2026/6/8 22:32	2026/6/9 22:17	1	ボス	耐久型	水	高HP・高防御で長期戦になりやすい		56
79	14	深海神殿兵	38	956	96	52	48	40	9	455	175	0	0	0	2026/6/8 22:32	2026/6/9 22:17	1	雑魚	物理型	光	通常攻撃多め	通常	40
80	14	深海封印守	38	956	96	52	48	40	8	485	185	0	0	0	2026/6/8 22:32	2026/6/9 22:17	1	雑魚	重装型	光	高防御・鈍足	通常	40
81	14	深海祭壇スライム	39	1000	104	56	48	40	10	550	210	0	0	0	2026/6/8 22:32	2026/6/9 22:17	2	やや強い	耐久型	光	低火力・高耐久	通常	40
82	14	深海司祭	40	1048	108	56	48	40	14	630	240	0	0	0	2026/6/8 22:32	2026/6/9 22:17	2	レア敵	魔法型	光	魔法攻撃寄り	印候補	40
83	14	深海神殿主	40	1048	108	56	48	40	15	706	269	0	0	0	2026/6/8 22:32	2026/6/9 22:17	2	ボス候補	標準型	光	標準・ボス補正	王印候補	40
84	14	深海神官ネレウス	40	1572	160	84	76	60	26	4320	1800	0	1	0	2026/6/8 22:32	2026/6/9 22:17	3	ボス	魔法型	光	MAG参照攻撃を将来実装予定		60
85	15	若葉ウルフ	40	1048	108	56	48	40	12	490	185	0	0	0	2026/6/8 22:32	2026/6/9 22:17	1	雑魚	高速型	自然	先制・回避寄り	通常	40
86	15	若葉ツリースピリット	41	1100	108	56	52	40	11	540	205	0	0	0	2026/6/8 22:32	2026/6/9 22:17	2	雑魚	標準型	自然	標準	通常	40
87	15	若葉フェアリー	42	1144	112	60	52	40	13	610	230	0	0	0	2026/6/8 22:32	2026/6/9 22:17	2	やや強い	魔法型	自然	魔法攻撃寄り	通常	40
88	15	若葉毒キノコ	42	1144	112	60	52	40	12	675	255	0	0	0	2026/6/8 22:32	2026/6/9 22:17	2	レア敵	耐久型	自然	低火力・高耐久	印候補	40
89	15	若葉守護獣	43	1196	116	64	56	44	15	765	290	0	0	0	2026/6/8 22:32	2026/6/9 22:17	2	最深部候補	標準型	自然	標準	印候補	44
90	15	若葉の守護獣フォレストボア	43	1796	172	92	84	68	25	3199	1322	0	1	0	2026/6/8 22:32	2026/6/9 22:17	1	ボス	バランス型	自然	突出しすぎない標準ボス		68
91	16	妖精森ウルフ	43	1196	116	64	56	44	13	545	205	0	0	0	2026/6/8 22:32	2026/6/9 22:17	2	雑魚	高速型	自然	先制・回避寄り	通常	44
92	16	妖精森ツリースピリット	44	1248	120	64	56	44	11	600	225	0	0	0	2026/6/8 22:32	2026/6/9 22:17	2	雑魚	標準型	自然	標準	通常	44
93	16	森フェアリー	45	1300	124	64	60	48	14	675	250	0	0	0	2026/6/8 22:32	2026/6/9 22:17	2	やや強い	魔法型	自然	魔法攻撃寄り	通常	48
94	16	妖精森毒キノコ	45	1300	124	64	60	48	13	745	280	0	0	0	2026/6/8 22:32	2026/6/9 22:17	2	レア敵	耐久型	自然	低火力・高耐久	印候補	48
95	16	妖精森守護獣	46	1356	128	68	60	48	16	845	315	0	0	0	2026/6/8 22:32	2026/6/9 22:17	2	最深部候補	標準型	自然	標準	印候補	48
96	16	妖精女王リリア	46	2036	192	104	92	72	27	3532	1449	0	1	0	2026/6/8 22:32	2026/6/9 22:17	1	ボス	物理型	魔	STRが高く通常攻撃が重い		68
97	17	ルートワーム	46	1356	128	68	60	48	10	600	225	0	0	0	2026/6/8 22:32	2026/6/9 22:17	2	雑魚	耐久型	水	低火力・高耐久	通常	48
98	17	絡み草	47	1412	132	72	60	48	12	655	245	0	0	0	2026/6/8 22:32	2026/6/9 22:17	2	雑魚	標準型	水	標準	通常	48
99	17	樹海ゴーレム	48	1468	136	72	64	52	11	740	275	0	0	0	2026/6/8 22:32	2026/6/9 22:17	2	やや強い	重装型	水	高防御・鈍足	通常	48
100	17	毒花	48	1468	136	72	64	52	15	815	300	0	0	0	2026/6/8 22:32	2026/6/9 22:17	2	レア敵	標準型	水	標準	印候補	48
101	17	根の番人	49	1524	140	76	64	52	17	925	340	0	0	0	2026/6/8 22:32	2026/6/9 22:17	3	最深部候補	標準型	水	標準	印候補	48
102	17	世界樹の根喰いワーム	49	2288	208	112	96	80	39	3880	1580	0	1	0	2026/6/8 22:32	2026/6/9 22:17	1	ボス	状態異常型	水	毒・呪いなどの状態異常を将来実装予定		76
103	18	中層世界樹精	49	1524	140	76	64	52	12	655	240	0	0	0	2026/6/8 22:32	2026/6/9 22:17	2	雑魚	標準型	自然	標準	通常	48
104	18	中層風妖精	50	1584	144	76	68	52	14	720	265	0	0	0	2026/6/8 22:32	2026/6/9 22:17	2	雑魚	魔法型	自然	魔法攻撃寄り	通常	52
105	18	中層ハーピー	51	1644	148	80	72	52	17	805	295	0	0	0	2026/6/8 22:32	2026/6/9 22:17	2	やや強い	高速型	自然	先制・回避寄り	通常	52
106	18	中層葉隠れ弓兵	51	1644	148	80	72	52	15	890	330	0	0	0	2026/6/8 22:32	2026/6/9 22:17	2	レア敵	物理型	自然	通常攻撃多め	印候補	52
107	18	中層枝守護者	52	1704	156	84	72	56	14	1010	370	0	0	0	2026/6/8 22:32	2026/6/9 22:17	3	最深部候補	重装型	自然	高防御・鈍足	印候補	56
108	18	樹霊エルドラン	52	2556	228	124	108	84	31	4243	1716	0	1	0	2026/6/8 22:32	2026/6/9 22:17	2	ボス	バランス型	光	突出しすぎない標準ボス		84
109	19	上層世界樹精	52	1704	156	84	72	56	12	715	260	0	0	0	2026/6/8 22:32	2026/6/9 22:17	2	雑魚	標準型	自然	標準	通常	56
110	19	上層風妖精	53	1764	156	84	76	56	15	780	285	0	0	0	2026/6/8 22:32	2026/6/9 22:17	2	雑魚	魔法型	自然	魔法攻撃寄り	通常	56
111	19	上層ハーピー	54	1828	164	88	76	60	18	875	320	0	0	0	2026/6/8 22:32	2026/6/9 22:17	2	やや強い	高速型	自然	先制・回避寄り	通常	60
112	19	上層葉隠れ弓兵	54	1828	164	88	76	60	16	965	355	0	0	0	2026/6/8 22:32	2026/6/9 22:17	3	レア敵	物理型	自然	通常攻撃多め	印候補	60
113	19	上層枝守護者	55	1892	164	88	76	60	15	1095	400	0	0	0	2026/6/8 22:32	2026/6/9 22:17	3	最深部候補	重装型	自然	高防御・鈍足	印候補	60
114	19	天空鳥シルフィード	55	2836	252	136	116	92	33	4620	1856	0	1	0	2026/6/8 22:32	2026/6/9 22:17	2	ボス	バランス型	光	突出しすぎない標準ボス		88
115	20	精霊神殿兵	55	1892	164	88	76	60	12	775	280	0	0	0	2026/6/8 22:32	2026/6/9 22:17	2	雑魚	物理型	光	通常攻撃多め	通常	60
116	20	精霊封印守	56	1956	172	92	80	64	11	845	310	0	0	0	2026/6/8 22:32	2026/6/9 22:17	2	雑魚	重装型	光	高防御・鈍足	通常	60
117	20	精霊祭壇スライム	57	2020	176	96	84	64	14	945	345	0	0	0	2026/6/8 22:32	2026/6/9 22:17	2	やや強い	耐久型	光	低火力・高耐久	通常	60
118	20	精霊司祭	57	2020	176	96	84	64	19	1045	380	0	0	0	2026/6/8 22:32	2026/6/9 22:17	3	レア敵	魔法型	光	魔法攻撃寄り	印候補	60
119	20	精霊神殿主	58	2088	180	96	84	64	19	1180	430	0	0	0	2026/6/8 22:32	2026/6/9 22:17	3	最深部候補	標準型	光	標準	印候補	64
120	20	精霊神殿の番人アルヴァン	58	3136	272	148	128	96	34	5011	2001	0	1	0	2026/6/8 22:32	2026/6/9 22:17	2	ボス	耐久型	魔	高HP・高防御で長期戦になりやすい		96
121	21	月光ピクシー	58	2088	180	96	84	64	15	835	305	0	0	0	2026/6/8 22:32	2026/6/9 22:17	2	雑魚	魔法型	光	魔法攻撃寄り	通常	64
122	21	月光庭園騎士	58	2088	180	96	84	64	14	890	325	0	0	0	2026/6/8 22:32	2026/6/9 22:17	2	雑魚	物理型	無	通常攻撃多め	通常	64
123	21	月光光蝶	59	2160	188	100	88	68	19	995	360	0	0	0	2026/6/8 22:32	2026/6/9 22:17	3	やや強い	高速型	光	先制・回避寄り	通常	68
124	21	月光星草スライム	60	2228	192	104	88	68	20	1125	405	0	0	0	2026/6/8 22:32	2026/6/9 22:17	3	レア敵	魔法型	光	魔法攻撃寄り	印候補	68
125	21	月光庭園番人	60	2228	192	104	88	68	21	1260	454	0	0	0	2026/6/8 22:32	2026/6/9 22:17	3	ボス候補	標準型	無	標準・ボス補正	王印候補	68
126	21	月光鹿アルテミス	60	3340	288	156	132	104	39	7920	3150	0	1	0	2026/6/8 22:32	2026/6/9 22:17	3	ボス	バランス型	光	突出しすぎない標準ボス		100
127	22	鉱山ネズミ	60	2228	192	104	88	68	17	875	315	0	0	0	2026/6/8 22:32	2026/6/9 22:17	2	雑魚	高速型	地	先制・回避寄り	通常	68
128	22	鉄殻虫	61	2296	200	108	92	72	12	955	345	0	0	0	2026/6/8 22:32	2026/6/9 22:17	2	雑魚	重装型	地	高防御・鈍足	通常	68
129	22	鉱夫ゴースト	62	2372	200	108	96	72	13	1070	385	0	0	0	2026/6/8 22:32	2026/6/9 22:17	3	やや強い	アンデッド型	地	闇属性・耐久寄り	通常	68
130	22	鉄鉱ゴーレム	62	2372	200	108	96	72	15	1180	425	0	0	0	2026/6/8 22:32	2026/6/9 22:17	3	レア敵	重装型	地	高防御・鈍足	印候補	68
131	22	鉱山トロル	63	2440	208	112	96	72	20	1330	480	0	0	0	2026/6/8 22:32	2026/6/9 22:17	3	最深部候補	物理型	地	通常攻撃多め	印候補	72
132	22	鉄鉱巨人アイアンゴーレム	63	3664	312	168	144	112	37	5695	2252	0	1	0	2026/6/8 22:32	2026/6/9 22:17	2	ボス	耐久型	地	高HP・高防御で長期戦になりやすい		108
133	23	闇コウモリ	63	2440	208	112	96	72	18	940	340	0	0	0	2026/6/8 22:32	2026/6/9 22:17	2	雑魚	高速型	闇	先制・回避寄り	通常	72
134	23	廃坑スケルトン	64	2516	212	116	96	76	12	1025	370	0	0	0	2026/6/8 22:32	2026/6/9 22:17	3	雑魚	アンデッド型	無	闇属性・耐久寄り	通常	76
135	23	火薬ネズミ	65	2588	220	116	100	76	21	1145	410	0	0	0	2026/6/8 22:32	2026/6/9 22:17	3	やや強い	高速型	火	先制・回避寄り	通常	76
136	23	穴掘りモール	65	2588	220	116	100	76	19	1260	450	0	0	0	2026/6/8 22:32	2026/6/9 22:17	3	レア敵	標準型	無	標準	印候補	76
137	23	廃坑の主	66	2668	224	120	104	80	21	1420	510	0	0	0	2026/6/8 22:32	2026/6/9 22:17	3	最深部候補	標準型	無	標準	印候補	80
138	23	廃坑の黒ドワーフ	66	4000	336	180	156	120	39	6124	2409	0	1	0	2026/6/8 22:32	2026/6/9 22:17	2	ボス	バランス型	闇	突出しすぎない標準ボス		116
139	24	火の精	66	2668	224	120	104	80	15	1005	360	0	0	0	2026/6/8 22:32	2026/6/9 22:17	2	雑魚	標準型	火	標準	通常	80
140	24	溶鉄スライム	67	2744	228	124	108	80	13	1095	390	0	0	0	2026/6/8 22:32	2026/6/9 22:17	3	雑魚	重装型	地	高防御・鈍足	通常	80
141	24	炉跡ゴーレム	68	2820	236	124	108	84	15	1220	435	0	0	0	2026/6/8 22:32	2026/6/9 22:17	3	やや強い	重装型	無	高防御・鈍足	通常	80
142	24	炎トカゲ	68	2820	236	124	108	84	20	1345	480	0	0	0	2026/6/8 22:32	2026/6/9 22:17	3	レア敵	標準型	火	標準	印候補	80
143	24	溶鉱の番人	69	2900	240	128	112	84	22	1515	540	0	0	0	2026/6/8 22:32	2026/6/9 22:17	3	最深部候補	標準型	火	標準	印候補	84
144	24	溶鉱炉の炎獣ブレイズマンティス	69	4348	360	196	168	128	41	6568	2570	0	1	0	2026/6/8 22:32	2026/6/9 22:17	2	ボス	バランス型	火	突出しすぎない標準ボス		124
145	25	蒸気兵	69	2900	240	128	112	84	15	1070	380	0	0	0	2026/6/8 22:32	2026/6/9 22:17	3	雑魚	物理型	無	通常攻撃多め	通常	84
146	25	蒸気ネズミ	70	2980	248	132	112	84	14	1165	415	0	0	0	2026/6/8 22:32	2026/6/9 22:17	3	雑魚	重装型	地	高防御・鈍足	通常	84
147	25	蒸気ゴーレム	71	3060	252	136	116	88	15	1300	460	0	0	0	2026/6/8 22:32	2026/6/9 22:17	3	やや強い	重装型	無	高防御・鈍足	通常	88
148	25	蒸気歯車スライム	71	3060	252	136	116	88	19	1435	510	0	0	0	2026/6/8 22:32	2026/6/9 22:17	3	レア敵	耐久型	無	低火力・高耐久	印候補	88
149	25	蒸気工場長	72	3144	260	140	120	92	19	1610	570	0	0	0	2026/6/8 22:32	2026/6/9 22:17	3	最深部候補	重装型	無	高防御・鈍足	印候補	88
150	25	蒸気機関兵スチームナイト	72	4716	388	208	176	136	43	7027	2736	0	1	0	2026/6/8 22:32	2026/6/9 22:17	2	ボス	耐久型	地	高HP・高防御で長期戦になりやすい		132
151	26	機械兵	72	3144	260	140	120	92	16	1140	405	0	0	0	2026/6/8 22:32	2026/6/9 22:17	3	雑魚	物理型	無	通常攻撃多め	通常	88
152	26	機械ネズミ	73	3228	264	144	120	96	14	1240	440	0	0	0	2026/6/8 22:32	2026/6/9 22:17	3	雑魚	重装型	地	高防御・鈍足	通常	92
153	26	量産機械ゴーレム	74	3308	268	144	124	92	16	1380	485	0	0	0	2026/6/8 22:32	2026/6/9 22:17	3	やや強い	重装型	無	高防御・鈍足	通常	92
154	26	機械歯車スライム	74	3308	268	144	124	92	19	1520	540	0	0	0	2026/6/8 22:32	2026/6/9 22:17	3	レア敵	耐久型	無	低火力・高耐久	印候補	92
155	26	機兵工場長	75	3396	280	148	128	96	19	1710	605	0	0	0	2026/6/8 22:32	2026/6/9 22:17	3	最深部候補	重装型	無	高防御・鈍足	印候補	96
156	26	機械兵隊長ギアコマンダー	75	5096	416	224	192	144	45	7500	2906	0	1	0	2026/6/8 22:32	2026/6/9 22:17	3	ボス	耐久型	地	高HP・高防御で長期戦になりやすい		144
157	27	地底雷球	75	3396	280	148	128	96	17	1210	425	0	0	0	2026/6/8 22:32	2026/6/9 22:17	3	雑魚	標準型	雷	標準	通常	96
158	27	地底発電スライム	76	3484	284	152	132	100	17	1315	465	0	0	0	2026/6/8 22:32	2026/6/9 22:17	3	雑魚	耐久型	雷	低火力・高耐久	通常	96
159	27	地底電磁兵	77	3568	288	156	132	100	19	1460	515	0	0	0	2026/6/8 22:32	2026/6/9 22:17	3	やや強い	物理型	雷	通常攻撃多め	通常	96
160	27	地底技師の亡霊	77	3568	288	156	132	100	17	1610	565	0	0	0	2026/6/8 22:32	2026/6/9 22:17	3	レア敵	アンデッド型	無	闇属性・耐久寄り	印候補	96
161	27	地底守護機	78	3660	296	160	136	104	25	1810	635	0	0	0	2026/6/8 22:32	2026/6/9 22:17	3	最深部候補	標準型	雷	標準	印候補	100
162	27	雷動コア・ヴォルト	78	5488	444	240	204	152	46	7987	3081	0	1	0	2026/6/8 22:32	2026/6/9 22:17	3	ボス	バランス型	雷	突出しすぎない標準ボス		152
163	28	古代機兵	78	3660	296	160	136	104	17	1280	450	0	0	0	2026/6/8 22:32	2026/6/9 22:17	3	雑魚	物理型	無	通常攻撃多め	通常	100
164	28	重装機兵	78	3660	296	160	136	104	18	1365	480	0	0	0	2026/6/8 22:32	2026/6/9 22:17	3	雑魚	物理型	無	通常攻撃多め	通常	100
165	28	魔導砲台	79	3748	304	160	140	104	23	1515	530	0	0	0	2026/6/8 22:32	2026/6/9 22:17	3	やや強い	魔法型	無	魔法攻撃寄り	通常	104
166	28	鉄巨人試作型	80	3836	308	168	140	108	19	1705	595	0	0	0	2026/6/8 22:32	2026/6/9 22:17	3	レア敵	重装型	地	高防御・鈍足	印候補	104
167	28	鋼鉄巨人	80	3836	308	168	140	108	20	1910	666	0	0	0	2026/6/8 22:32	2026/6/9 22:17	3	ボス候補	重装型	地	高防御・鈍足・ボス補正	王印候補	104
168	28	古代兵器オメガ	80	5756	464	248	212	164	52	12480	4800	0	1	0	2026/6/8 22:32	2026/6/9 22:17	3	ボス	耐久型	地	高HP・高防御で長期戦になりやすい		160
169	29	雪スライム	80	3836	308	168	140	108	16	1325	465	0	0	0	2026/6/8 22:32	2026/6/9 22:17	3	雑魚	耐久型	氷	低火力・高耐久	通常	104
170	29	白狼	81	3928	316	172	144	112	23	1440	505	0	0	0	2026/6/8 22:32	2026/6/9 22:17	3	雑魚	高速型	氷	先制・回避寄り	通常	108
171	29	雪原ウサギ	82	4024	324	172	148	112	21	1600	560	0	0	0	2026/6/8 22:32	2026/6/9 22:17	3	やや強い	標準型	氷	標準	通常	108
172	29	氷コウモリ	82	4024	324	172	148	112	28	1765	615	0	0	0	2026/6/8 22:32	2026/6/9 22:17	3	レア敵	高速型	氷	先制・回避寄り	印候補	108
173	29	氷の番人	83	4120	328	180	152	112	26	1980	690	0	0	0	2026/6/8 22:32	2026/6/9 22:17	3	最深部候補	標準型	氷	標準	印候補	112
174	29	雪原の白熊王	83	6176	492	268	228	172	49	8831	3382	0	1	0	2026/6/8 22:32	2026/6/9 22:17	3	ボス	耐久型	氷	高HP・高防御で長期戦になりやすい		168
175	30	吹雪ハーピー	83	4120	328	180	152	112	22	1400	490	0	0	0	2026/6/8 22:32	2026/6/9 22:17	3	雑魚	高速型	氷	先制・回避寄り	通常	112
176	30	氷牙ウルフ	84	4212	336	180	156	116	24	1515	530	0	0	0	2026/6/8 22:32	2026/6/9 22:17	3	雑魚	高速型	氷	先制・回避寄り	通常	112
177	30	谷の雪男	85	4304	344	188	160	120	22	1685	585	0	0	0	2026/6/8 22:32	2026/6/9 22:17	3	やや強い	標準型	氷	標準	通常	116
178	30	凍結スライム	85	4304	344	188	160	120	22	1860	645	0	0	0	2026/6/8 22:32	2026/6/9 22:17	3	レア敵	耐久型	氷	低火力・高耐久	印候補	116
179	30	峡谷の主	86	4404	352	188	164	124	27	2080	725	0	0	0	2026/6/8 22:32	2026/6/9 22:17	3	最深部候補	標準型	無	標準	印候補	120
180	30	吹雪の魔狼ブリザードガルム	86	6604	524	284	240	180	51	9356	3569	0	1	0	2026/6/8 22:32	2026/6/9 22:17	3	ボス	素早さ型	氷	AGIが高く先制・回避が得意		176
181	31	氷結コウモリ	86	4404	352	188	164	124	23	1475	510	0	0	0	2026/6/8 22:32	2026/6/9 22:17	3	雑魚	高速型	無	先制・回避寄り	通常	120
182	31	氷結ワーム	87	4500	356	192	164	120	19	1595	555	0	0	0	2026/6/8 22:32	2026/6/9 22:17	3	雑魚	耐久型	無	低火力・高耐久	通常	120
183	31	氷結ゴーレム	88	4600	364	196	168	124	18	1770	615	0	0	0	2026/6/8 22:32	2026/6/9 22:17	3	やや強い	重装型	無	高防御・鈍足	通常	124
184	31	氷結トカゲ	88	4600	364	196	168	124	25	1955	680	0	0	0	2026/6/8 22:32	2026/6/9 22:17	3	レア敵	標準型	無	標準	印候補	124
185	31	氷結洞窟主	89	4700	372	200	172	128	28	2190	760	0	0	0	2026/6/8 22:32	2026/6/9 22:17	3	最深部候補	標準型	無	標準	印候補	124
186	31	氷結甲竜グレイシャルドン	89	7052	556	300	256	192	53	9896	3760	0	1	0	2026/6/8 22:32	2026/6/9 22:17	3	ボス	耐久型	氷	高HP・高防御で長期戦になりやすい		188
187	32	白銀ウルフ	89	4700	372	200	172	128	24	1550	535	0	0	0	2026/6/8 22:32	2026/6/9 22:17	3	雑魚	高速型	氷	先制・回避寄り	通常	124
188	32	雪樹の精	90	4800	380	204	172	132	21	1675	580	0	0	0	2026/6/8 22:32	2026/6/9 22:17	3	雑魚	標準型	氷	標準	通常	128
189	32	氷キノコ	91	4904	388	208	180	132	21	1860	645	0	0	0	2026/6/8 22:32	2026/6/9 22:17	3	やや強い	耐久型	氷	低火力・高耐久	通常	132
190	32	雪妖精	91	4904	388	208	180	132	29	2050	710	0	0	0	2026/6/8 22:32	2026/6/9 22:17	3	レア敵	魔法型	氷	魔法攻撃寄り	印候補	132
191	32	白銀の守護獣	92	5008	392	212	184	136	29	2295	790	0	0	0	2026/6/8 22:32	2026/6/9 22:17	3	最深部候補	標準型	氷	標準	印候補	132
192	32	白銀の魔女スノウベル	92	7508	592	316	272	204	55	10451	3956	0	1	0	2026/6/8 22:32	2026/6/9 22:17	3	ボス	魔法型	氷	MAG参照攻撃を将来実装予定		200
193	33	氷封神殿兵	92	5008	392	212	184	136	19	1625	560	0	0	0	2026/6/8 22:32	2026/6/9 22:17	3	雑魚	物理型	光	通常攻撃多め	通常	132
194	33	氷封封印守	93	5112	400	216	184	140	18	1760	605	0	0	0	2026/6/8 22:32	2026/6/9 22:17	3	雑魚	重装型	光	高防御・鈍足	通常	136
195	33	氷封祭壇スライム	94	5216	408	220	188	140	22	1950	670	0	0	0	2026/6/8 22:32	2026/6/9 22:17	3	やや強い	耐久型	光	低火力・高耐久	通常	140
196	33	氷封司祭	94	5216	408	220	188	140	29	2150	740	0	0	0	2026/6/8 22:32	2026/6/9 22:17	3	レア敵	魔法型	光	魔法攻撃寄り	印候補	140
197	33	氷封神殿主	95	5320	416	224	192	144	30	2405	825	0	0	0	2026/6/8 22:32	2026/6/9 22:17	3	最深部候補	標準型	光	標準	印候補	140
198	33	凍神官グレイシア	95	7984	624	336	288	216	57	11020	4156	0	1	0	2026/6/8 22:32	2026/6/9 22:17	3	ボス	魔法型	魔	MAG参照攻撃を将来実装予定		212
199	34	氷竜の幼体	95	5320	416	224	192	144	23	1700	585	0	0	0	2026/6/8 22:32	2026/6/9 22:17	3	雑魚	竜型	氷	高火力・高耐久	通常	140
200	34	竜牙兵	96	5428	424	228	196	144	25	1840	630	0	0	0	2026/6/8 22:32	2026/6/9 22:17	3	雑魚	竜型	無	高火力・高耐久	通常	140
201	34	フロストリザード	97	5536	432	232	200	148	25	2040	700	0	0	0	2026/6/8 22:32	2026/6/9 22:17	3	やや強い	標準型	無	標準	通常	144
202	34	竜巣ゴーレム	97	5536	432	232	200	148	30	2250	770	0	0	0	2026/6/8 22:32	2026/6/9 22:17	3	レア敵	竜型	無	高火力・高耐久	印候補	144
203	34	氷竜の番人	98	5644	440	240	200	148	34	2515	860	0	0	0	2026/6/8 22:32	2026/6/9 22:17	3	最深部候補	竜型	氷	高火力・高耐久	印候補	148
204	34	氷竜フロストヴルム	98	8468	660	360	304	224	58	11603	4361	0	1	0	2026/6/8 22:32	2026/6/9 22:17	3	ボス	耐久型	氷	高HP・高防御で長期戦になりやすい		220
205	35	雪山ゴーレム	98	5644	440	240	200	148	17	1780	610	0	0	0	2026/6/8 22:32	2026/6/9 22:17	3	雑魚	重装型	氷	高防御・鈍足	通常	148
206	35	ブリザードイーグル	98	5644	440	240	200	148	23	1895	650	0	0	0	2026/6/8 22:32	2026/6/9 22:17	3	雑魚	標準型	無	標準	通常	148
207	35	氷巨人	99	5756	448	244	204	152	25	2100	720	0	0	0	2026/6/8 22:32	2026/6/9 22:17	3	やや強い	標準型	氷	標準	通常	148
208	35	山脈の白竜	100	5864	456	248	212	156	28	2350	805	0	0	0	2026/6/8 22:32	2026/6/9 22:17	3	レア敵	竜型	無	高火力・高耐久	印候補	152
209	35	氷竜ヴェルガ	100	5864	456	248	212	156	30	2630	900	0	0	0	2026/6/8 22:32	2026/6/9 22:17	3	ボス候補	竜型	氷	高火力・高耐久・ボス補正	王印候補	152
210	35	極寒巨人ヨトゥン	100	8800	684	368	316	232	66	18000	6750	0	1	0	2026/6/8 22:32	2026/6/9 22:17	3	ボス	耐久型	氷	高HP・高防御で長期戦になりやすい		228
211	36	砂海スライム	100	5864	456	248	212	156	20	1830	625	0	0	0	2026/6/8 22:32	2026/6/9 22:17	3	雑魚	耐久型	無	低火力・高耐久	通常	152
212	36	砂海サソリ	101	5976	464	252	212	156	24	1980	675	0	0	0	2026/6/8 22:32	2026/6/9 22:17	3	雑魚	標準型	無	標準	通常	156
213	36	砂海盗賊	102	6092	472	256	216	160	25	2195	750	0	0	0	2026/6/8 22:32	2026/6/9 22:17	3	やや強い	物理型	無	通常攻撃多め	通常	156
214	36	砂海ミイラ	102	6092	472	256	216	160	29	2420	825	0	0	0	2026/6/8 22:32	2026/6/9 22:17	3	レア敵	標準型	無	標準	印候補	156
215	36	砂海魔獣	103	6204	480	260	220	164	32	2700	920	0	0	0	2026/6/8 22:32	2026/6/9 22:17	3	最深部候補	標準型	無	標準	印候補	160
216	36	砂海の大サソリ	103	9308	724	392	332	244	61	12607	4712	0	1	0	2026/6/8 22:32	2026/6/9 22:17	3	ボス	バランス型	水	突出しすぎない標準ボス		240
217	37	流砂スライム	103	6204	480	260	220	164	20	1910	650	0	0	0	2026/6/8 22:32	2026/6/9 22:17	3	雑魚	耐久型	無	低火力・高耐久	通常	160
218	37	流砂サソリ	104	6320	488	264	224	164	24	2065	705	0	0	0	2026/6/8 22:32	2026/6/9 22:17	3	雑魚	標準型	無	標準	通常	164
219	37	流砂盗賊	105	6436	496	272	228	168	26	2285	780	0	0	0	2026/6/8 22:32	2026/6/9 22:17	3	やや強い	物理型	無	通常攻撃多め	通常	164
220	37	流砂ミイラ	105	6436	496	272	228	168	30	2520	860	0	0	0	2026/6/8 22:32	2026/6/9 22:17	3	レア敵	標準型	無	標準	印候補	164
221	37	流砂魔獣	106	6552	504	272	232	172	33	2815	960	0	0	0	2026/6/8 22:32	2026/6/9 22:17	3	最深部候補	標準型	無	標準	印候補	168
222	37	流砂の暗殺者サンドシェイド	106	9832	756	412	348	260	63	13228	4929	0	1	0	2026/6/8 22:32	2026/6/9 22:17	3	ボス	素早さ型	無	AGIが高く先制・回避が得意		252
223	38	砂遺跡兵	106	6552	504	272	232	172	22	1995	680	0	0	0	2026/6/8 22:32	2026/6/9 22:17	3	雑魚	物理型	地	通常攻撃多め	通常	168
224	38	砂遺跡スライム	107	6672	512	276	236	172	23	2155	730	0	0	0	2026/6/8 22:32	2026/6/9 22:17	3	雑魚	耐久型	地	低火力・高耐久	通常	172
225	38	砂遺跡石像兵	108	6792	524	284	240	176	26	2380	810	0	0	0	2026/6/8 22:32	2026/6/9 22:17	3	やや強い	物理型	地	通常攻撃多め	通常	172
226	38	砂遺跡呪文壁	108	6792	524	284	240	176	23	2625	890	0	0	0	2026/6/8 22:32	2026/6/9 22:17	3	レア敵	アンデッド型	闇	闇属性・耐久寄り	印候補	172
227	38	砂遺跡守護者	109	6912	532	288	244	180	27	2935	995	0	0	0	2026/6/8 22:32	2026/6/9 22:17	3	最深部候補	重装型	地	高防御・鈍足	印候補	176
228	38	古代守護兵アヌビス	109	10368	800	432	364	272	65	13864	5150	0	1	0	2026/6/8 22:32	2026/6/9 22:17	3	ボス	バランス型	無	突出しすぎない標準ボス		268
229	39	王墓ミイラ	109	6912	532	288	244	180	24	2075	705	0	0	0	2026/6/8 22:32	2026/6/9 22:17	3	雑魚	標準型	闇	標準	通常	176
230	39	王墓の亡霊	110	7032	540	296	248	184	19	2240	760	0	0	0	2026/6/8 22:32	2026/6/9 22:17	3	雑魚	アンデッド型	闇	闇属性・耐久寄り	通常	180
231	39	黄金スカラベ	111	7156	548	296	252	188	28	2480	840	0	0	0	2026/6/8 22:32	2026/6/9 22:17	3	やや強い	標準型	闇	標準	通常	184
232	39	墓所の騎士	111	7156	548	296	252	188	30	2735	925	0	0	0	2026/6/8 22:32	2026/6/9 22:17	3	レア敵	物理型	闇	通常攻撃多め	印候補	184
233	39	王家の呪霊	112	7276	560	300	256	192	26	3050	1030	0	0	0	2026/6/8 22:32	2026/6/9 22:17	3	最深部候補	アンデッド型	闇	闇属性・耐久寄り	印候補	188
234	39	王墓のファラオ	112	10916	836	456	384	284	67	14515	5376	0	1	0	2026/6/8 22:32	2026/6/9 22:17	3	ボス	魔法型	闇	MAG参照攻撃を将来実装予定		280
235	40	砂嵐神殿兵	112	7276	560	300	256	192	23	2160	730	0	0	0	2026/6/8 22:32	2026/6/9 22:17	3	雑魚	物理型	光	通常攻撃多め	通常	188
236	40	砂嵐封印守	113	7400	568	308	260	192	21	2330	785	0	0	0	2026/6/8 22:32	2026/6/9 22:17	3	雑魚	重装型	光	高防御・鈍足	通常	188
237	40	砂嵐祭壇スライム	114	7528	576	312	264	196	26	2575	870	0	0	0	2026/6/8 22:32	2026/6/9 22:17	3	やや強い	耐久型	光	低火力・高耐久	通常	192
238	40	砂嵐司祭	114	7528	576	312	264	196	35	2840	960	0	0	0	2026/6/8 22:32	2026/6/9 22:17	3	レア敵	魔法型	光	魔法攻撃寄り	印候補	192
239	40	砂嵐神殿主	115	7652	588	316	268	200	35	3170	1070	0	0	0	2026/6/8 22:32	2026/6/9 22:17	3	最深部候補	標準型	光	標準	印候補	192
240	40	砂嵐の魔人ザハーク	115	11480	876	476	400	296	69	15180	5606	0	1	0	2026/6/8 22:32	2026/6/9 22:17	3	ボス	魔法型	光	MAG参照攻撃を将来実装予定		288
241	41	水路スライム	115	7652	588	316	268	200	23	2245	755	0	0	0	2026/6/8 22:32	2026/6/9 22:17	3	雑魚	耐久型	水	低火力・高耐久	通常	192
242	41	地下ワニ	116	7780	596	324	272	200	27	2420	815	0	0	0	2026/6/8 22:32	2026/6/9 22:17	3	雑魚	標準型	水	標準	通常	196
243	41	水路ゴースト	117	7908	604	328	276	204	22	2675	900	0	0	0	2026/6/8 22:32	2026/6/9 22:17	3	やや強い	アンデッド型	水	闇属性・耐久寄り	通常	200
244	41	古代配管兵	117	7908	604	328	276	204	31	2950	995	0	0	0	2026/6/8 22:32	2026/6/9 22:17	3	レア敵	物理型	水	通常攻撃多め	印候補	200
245	41	水路の主	118	8040	612	332	280	208	33	3290	1105	0	0	0	2026/6/8 22:32	2026/6/9 22:17	3	最深部候補	耐久型	水	低火力・高耐久	印候補	200
246	41	地下水路の水蛇ナーガ	118	12056	920	500	420	312	70	15859	5841	0	1	0	2026/6/8 22:32	2026/6/9 22:17	3	ボス	バランス型	水	突出しすぎない標準ボス		304
247	42	太陽神殿兵	118	8040	612	332	280	208	24	2330	785	0	0	0	2026/6/8 22:32	2026/6/9 22:17	3	雑魚	物理型	光	通常攻撃多め	通常	200
248	42	太陽封印守	118	8040	612	332	280	208	22	2480	835	0	0	0	2026/6/8 22:32	2026/6/9 22:17	3	雑魚	重装型	光	高防御・鈍足	通常	200
249	42	太陽祭壇スライム	119	8168	620	336	284	212	27	2740	920	0	0	0	2026/6/8 22:32	2026/6/9 22:17	3	やや強い	耐久型	光	低火力・高耐久	通常	208
250	42	太陽司祭	120	8300	632	340	292	216	37	3060	1025	0	0	0	2026/6/8 22:32	2026/6/9 22:17	3	レア敵	魔法型	光	魔法攻撃寄り	印候補	208
251	42	太陽神殿主	120	8300	632	340	292	216	39	3427	1148	0	0	0	2026/6/8 22:32	2026/6/9 22:17	3	ボス候補	標準型	光	標準・ボス補正	王印候補	208
252	42	太陽神獣ラーガ	120	12448	948	516	436	320	79	24480	9000	0	1	0	2026/6/8 22:32	2026/6/9 22:17	3	ボス	バランス型	光	突出しすぎない標準ボス		312
253	43	魔導書	120	8300	632	340	292	216	29	2385	800	0	0	0	2026/6/8 22:32	2026/6/9 22:17	3	雑魚	魔法型	無	魔法攻撃寄り	通常	208
254	43	紙片スライム	121	8432	644	348	292	216	25	2570	865	0	0	0	2026/6/8 22:32	2026/6/9 22:17	3	雑魚	耐久型	無	低火力・高耐久	通常	212
255	43	司書ゴースト	122	8564	652	352	300	220	23	2840	950	0	0	0	2026/6/8 22:32	2026/6/9 22:17	3	やや強い	アンデッド型	無	闇属性・耐久寄り	通常	216
256	43	知識の悪魔	122	8564	652	352	300	220	34	3135	1050	0	0	0	2026/6/8 22:32	2026/6/9 22:17	3	レア敵	標準型	闇	標準	印候補	216
257	43	図書館の番人	123	8700	660	356	300	224	38	3495	1170	0	0	0	2026/6/8 22:32	2026/6/9 22:17	3	最深部候補	標準型	無	標準	印候補	216
258	43	禁書の魔導書グリモア	123	13048	992	540	456	332	73	17023	6242	0	1	0	2026/6/8 22:32	2026/6/9 22:17	3	ボス	魔法型	魔	MAG参照攻撃を将来実装予定		328
259	44	禁書の悪魔	123	8700	660	356	300	224	27	2470	830	0	0	0	2026/6/8 22:32	2026/6/9 22:17	3	雑魚	標準型	闇	標準	通常	216
260	44	呪文スライム	124	8832	668	364	308	224	22	2665	890	0	0	0	2026/6/8 22:32	2026/6/9 22:17	3	雑魚	アンデッド型	闇	闇属性・耐久寄り	通常	220
261	44	封印司書	125	8972	680	368	312	232	32	2945	985	0	0	0	2026/6/8 22:32	2026/6/9 22:17	3	やや強い	標準型	無	標準	通常	224
262	44	黒インクの魔物	125	8972	680	368	312	232	35	3245	1085	0	0	0	2026/6/8 22:32	2026/6/9 22:17	3	レア敵	標準型	無	標準	印候補	224
263	44	禁書の主	126	9108	692	376	316	232	39	3615	1210	0	0	0	2026/6/8 22:32	2026/6/9 22:17	3	最深部候補	標準型	無	標準	印候補	228
264	44	封印司書モルガン	126	13660	1036	560	472	348	101	17740	6489	0	1	0	2026/6/8 22:32	2026/6/9 22:17	3	ボス	状態異常型	魔	毒・呪いなどの状態異常を将来実装予定		340
265	45	ホムンクルス	126	9108	692	376	316	232	27	2560	855	0	0	0	2026/6/8 22:32	2026/6/9 22:17	3	雑魚	標準型	無	標準	通常	228
266	45	実験スライム	127	9248	700	380	320	236	26	2760	920	0	0	0	2026/6/8 22:32	2026/6/9 22:17	3	雑魚	耐久型	無	低火力・高耐久	通常	232
267	45	暴走魔導兵	128	9384	708	384	328	240	35	3045	1015	0	0	0	2026/6/8 22:32	2026/6/9 22:17	3	やや強い	魔法型	無	魔法攻撃寄り	通常	232
268	45	培養獣	128	9384	708	384	328	240	36	3360	1120	0	0	0	2026/6/8 22:32	2026/6/9 22:17	3	レア敵	標準型	無	標準	印候補	232
269	45	研究所の怪物	129	9524	720	392	328	244	39	3740	1245	0	0	0	2026/6/8 22:32	2026/6/9 22:17	3	最深部候補	標準型	無	標準	印候補	240
270	45	人造魔獣ホムンクルス	129	14288	1080	584	496	364	77	18472	6740	0	1	0	2026/6/8 22:32	2026/6/9 22:17	3	ボス	バランス型	魔	突出しすぎない標準ボス		356
271	46	浮遊ピクシー	129	9524	720	392	328	244	31	2650	880	0	0	0	2026/6/8 22:32	2026/6/9 22:17	3	雑魚	魔法型	光	魔法攻撃寄り	通常	240
272	46	浮遊庭園騎士	130	9664	732	396	336	248	28	2855	950	0	0	0	2026/6/8 22:32	2026/6/9 22:17	3	雑魚	物理型	無	通常攻撃多め	通常	240
273	46	浮遊光蝶	131	9808	740	400	340	248	40	3150	1050	0	0	0	2026/6/8 22:32	2026/6/9 22:17	3	やや強い	高速型	光	先制・回避寄り	通常	244
274	46	浮遊星草スライム	131	9808	740	400	340	248	40	3475	1155	0	0	0	2026/6/8 22:32	2026/6/9 22:17	3	レア敵	魔法型	光	魔法攻撃寄り	印候補	244
275	46	浮遊庭園番人	132	9948	752	408	344	256	40	3870	1285	0	0	0	2026/6/8 22:32	2026/6/9 22:17	3	最深部候補	標準型	無	標準	印候補	248
276	46	風庭のグリフォン	132	14924	1128	612	516	380	79	19219	6996	0	1	0	2026/6/8 22:32	2026/6/9 22:17	3	ボス	素早さ型	自然	AGIが高く先制・回避が得意		372
277	47	星見星読みの亡霊	132	9948	752	408	344	256	31	2740	910	0	0	0	2026/6/8 22:32	2026/6/9 22:17	3	雑魚	魔法型	光	魔法攻撃寄り	通常	248
278	47	星見塔術師	133	10092	764	412	348	256	34	2950	980	0	0	0	2026/6/8 22:32	2026/6/9 22:17	3	雑魚	魔法型	無	魔法攻撃寄り	通常	252
279	47	星見星屑スライム	134	10240	772	420	352	260	37	3255	1080	0	0	0	2026/6/8 22:32	2026/6/9 22:17	3	やや強い	魔法型	光	魔法攻撃寄り	通常	252
280	47	星見天文ゴーレム	134	10240	772	420	352	260	30	3590	1190	0	0	0	2026/6/8 22:32	2026/6/9 22:17	3	レア敵	重装型	無	高防御・鈍足	印候補	252
281	47	星見塔守護者	135	10388	784	424	360	264	33	3995	1325	0	0	0	2026/6/8 22:32	2026/6/9 22:17	3	最深部候補	重装型	無	高防御・鈍足	印候補	256
282	47	星見の占星術師ステラ	135	15580	1172	636	536	396	81	19980	7256	0	1	0	2026/6/8 22:32	2026/6/9 22:17	3	ボス	魔法型	光	MAG参照攻撃を将来実装予定		384
283	48	異界雷球	135	10388	784	424	360	264	29	2830	940	0	0	0	2026/6/8 22:32	2026/6/9 22:17	3	雑魚	標準型	雷	標準	通常	256
284	48	異界発電スライム	136	10532	796	428	360	268	28	3045	1010	0	0	0	2026/6/8 22:32	2026/6/9 22:17	3	雑魚	耐久型	雷	低火力・高耐久	通常	260
285	48	異界電磁兵	137	10680	804	436	368	272	33	3360	1115	0	0	0	2026/6/8 22:32	2026/6/9 22:17	3	やや強い	物理型	雷	通常攻撃多め	通常	264
286	48	異界技師の亡霊	137	10680	804	436	368	272	28	3705	1225	0	0	0	2026/6/8 22:32	2026/6/9 22:17	3	レア敵	アンデッド型	無	闇属性・耐久寄り	印候補	264
287	48	異界守護機	138	10828	816	444	372	272	42	4125	1365	0	0	0	2026/6/8 22:32	2026/6/9 22:17	3	最深部候補	標準型	雷	標準	印候補	268
288	48	異界の観測者オブザーバー	138	16244	1220	664	560	412	82	20755	7521	0	1	0	2026/6/8 22:32	2026/6/9 22:17	3	ボス	バランス型	魔	突出しすぎない標準ボス		400
289	49	次元次元スライム	138	10828	816	444	372	272	27	2920	965	0	0	0	2026/6/8 22:32	2026/6/9 22:17	3	雑魚	耐久型	無	低火力・高耐久	通常	268
290	49	次元時空影	138	10828	816	444	372	272	32	3110	1030	0	0	0	2026/6/8 22:32	2026/6/9 22:17	3	雑魚	標準型	無	標準	通常	268
291	49	次元迷い人の亡霊	139	10976	824	448	380	280	26	3430	1135	0	0	0	2026/6/8 22:32	2026/6/9 22:17	3	やや強い	アンデッド型	無	闇属性・耐久寄り	通常	272
292	49	次元空間裂け目	140	11132	836	452	384	280	39	3825	1265	0	0	0	2026/6/8 22:32	2026/6/9 22:17	3	レア敵	標準型	無	標準	印候補	276
293	49	次元回廊主	140	11132	836	452	384	280	41	4284	1417	0	0	0	2026/6/8 22:32	2026/6/9 22:17	3	ボス候補	標準型	無	標準・ボス補正	王印候補	276
294	49	次元竜クロノス	140	16692	1256	680	576	420	92	31920	11550	0	1	0	2026/6/8 22:32	2026/6/9 22:17	3	ボス	耐久型	魔	高HP・高防御で長期戦になりやすい		412
295	50	死霊兵	140	11132	836	452	384	280	23	2980	985	0	0	0	2026/6/8 22:32	2026/6/9 22:17	3	雑魚	アンデッド型	闇	闇属性・耐久寄り	通常	276
296	50	黒骨犬	141	11284	848	460	388	288	24	3210	1060	0	0	0	2026/6/8 22:32	2026/6/9 22:17	3	雑魚	アンデッド型	無	闇属性・耐久寄り	通常	280
297	50	荒野ゾンビ	142	11436	856	464	392	288	27	3540	1170	0	0	0	2026/6/8 22:32	2026/6/9 22:17	3	やや強い	アンデッド型	無	闇属性・耐久寄り	通常	284
298	50	魂喰い	142	11436	856	464	392	288	39	3905	1290	0	0	0	2026/6/8 22:32	2026/6/9 22:17	3	レア敵	標準型	無	標準	印候補	284
299	50	死者の王	143	11588	868	472	396	292	33	4345	1430	0	0	0	2026/6/8 22:32	2026/6/9 22:17	3	最深部候補	アンデッド型	闇	闇属性・耐久寄り	印候補	284
300	50	死者の王ネクロロード	143	17384	1304	704	596	436	85	22079	7972	0	1	0	2026/6/8 22:32	2026/6/9 22:17	3	ボス	物理型	闇	STRが高く通常攻撃が重い		428
301	51	呪い騎士	143	11588	868	472	396	292	23	3075	1015	0	0	0	2026/6/8 22:32	2026/6/9 22:17	3	雑魚	アンデッド型	闇	闇属性・耐久寄り	通常	284
302	51	吸血コウモリ	144	11744	880	480	404	296	40	3310	1090	0	0	0	2026/6/8 22:32	2026/6/9 22:17	3	雑魚	高速型	無	先制・回避寄り	通常	288
303	51	城の亡霊	145	11896	892	484	408	300	27	3650	1200	0	0	0	2026/6/8 22:32	2026/6/9 22:17	3	やや強い	アンデッド型	無	闇属性・耐久寄り	通常	292
304	51	黒鎧兵	145	11896	892	484	408	300	38	4025	1325	0	0	0	2026/6/8 22:32	2026/6/9 22:17	3	レア敵	物理型	無	通常攻撃多め	印候補	292
305	51	呪城の主	146	12056	900	488	412	304	33	4475	1475	0	0	0	2026/6/8 22:32	2026/6/9 22:17	3	最深部候補	アンデッド型	闇	闇属性・耐久寄り	印候補	296
306	51	呪城伯爵ヴラド	146	18080	1356	732	620	456	117	22892	8249	0	1	0	2026/6/8 22:32	2026/6/9 22:17	3	ボス	状態異常型	闇	毒・呪いなどの状態異常を将来実装予定		444
307	52	冥界の番犬	146	12056	900	488	412	304	24	3170	1040	0	0	0	2026/6/8 22:32	2026/6/9 22:17	3	雑魚	アンデッド型	闇	闇属性・耐久寄り	通常	296
308	52	門番デーモン	147	12212	916	496	420	308	32	3410	1120	0	0	0	2026/6/8 22:32	2026/6/9 22:17	3	雑魚	物理型	無	通常攻撃多め	通常	300
309	52	魂の群れ	148	12372	924	500	424	308	37	3760	1235	0	0	0	2026/6/8 22:32	2026/6/9 22:17	3	やや強い	標準型	無	標準	通常	304
310	52	闇スライム	148	12372	924	500	424	308	37	4145	1360	0	0	0	2026/6/8 22:32	2026/6/9 22:17	3	レア敵	耐久型	闇	低火力・高耐久	印候補	304
311	52	冥界門の守護者	149	12528	936	508	428	316	36	4610	1515	0	0	0	2026/6/8 22:32	2026/6/9 22:17	3	最深部候補	重装型	闇	高防御・鈍足	印候補	308
312	52	冥界門番ケルベロス	149	18800	1408	760	644	472	120	23720	8530	0	1	0	2026/6/8 22:32	2026/6/9 22:17	3	ボス	状態異常型	闇	毒・呪いなどの状態異常を将来実装予定		460
313	53	魔神神殿兵	149	12528	936	508	428	316	30	3265	1070	0	0	0	2026/6/8 22:32	2026/6/9 22:17	3	雑魚	物理型	光	通常攻撃多め	通常	308
314	53	魔神封印守	150	12692	948	512	436	316	27	3510	1150	0	0	0	2026/6/8 22:32	2026/6/9 22:17	3	雑魚	重装型	光	高防御・鈍足	通常	308
315	53	魔神祭壇スライム	151	12852	960	520	440	324	34	3870	1270	0	0	0	2026/6/8 22:32	2026/6/9 22:17	3	やや強い	耐久型	光	低火力・高耐久	通常	316
316	53	魔神司祭	151	12852	960	520	440	324	46	4265	1400	0	0	0	2026/6/8 22:32	2026/6/9 22:17	3	レア敵	魔法型	光	魔法攻撃寄り	印候補	316
317	53	魔神神殿主	152	13016	972	528	444	324	46	4745	1555	0	0	0	2026/6/8 22:32	2026/6/9 22:17	3	最深部候補	標準型	光	標準	印候補	316
318	53	悪魔司祭バフォメット	152	19524	1460	788	664	488	122	24563	8816	0	1	0	2026/6/8 22:32	2026/6/9 22:17	3	ボス	状態異常型	魔	毒・呪いなどの状態異常を将来実装予定		476
319	54	魔王軍兵	152	13016	972	528	444	324	31	3360	1100	0	0	0	2026/6/8 22:32	2026/6/9 22:17	3	雑魚	物理型	無	通常攻撃多め	通常	316
320	54	魔王軍弓兵	153	13180	984	536	452	332	33	3610	1180	0	0	0	2026/6/8 22:32	2026/6/9 22:17	3	雑魚	物理型	無	通常攻撃多め	通常	324
321	54	魔王軍魔術師	154	13344	996	540	456	332	42	3980	1300	0	0	0	2026/6/8 22:32	2026/6/9 22:17	3	やや強い	魔法型	無	魔法攻撃寄り	通常	324
322	54	黒騎士	154	13344	996	540	456	332	40	4390	1435	0	0	0	2026/6/8 22:32	2026/6/9 22:17	3	レア敵	物理型	無	通常攻撃多め	印候補	324
323	54	要塞司令	155	13512	1008	548	460	340	47	4880	1595	0	0	0	2026/6/8 22:32	2026/6/9 22:17	3	最深部候補	標準型	無	標準	印候補	332
324	54	魔王軍将軍ガイゼル	155	20264	1512	816	692	508	93	25420	9106	0	1	0	2026/6/8 22:32	2026/6/9 22:17	3	ボス	物理型	闇	STRが高く通常攻撃が重い		496
325	55	瘴気スライム	155	13512	1008	548	460	340	30	3455	1130	0	0	0	2026/6/8 22:32	2026/6/9 22:17	3	雑魚	耐久型	無	低火力・高耐久	通常	332
326	55	毒霧の悪魔	156	13676	1020	552	468	340	36	3715	1215	0	0	0	2026/6/8 22:32	2026/6/9 22:17	3	雑魚	標準型	闇	標準	通常	332
327	55	谷の死霊	157	13844	1032	560	472	344	29	4095	1335	0	0	0	2026/6/8 22:32	2026/6/9 22:17	3	やや強い	アンデッド型	闇	闇属性・耐久寄り	通常	336
328	55	腐食ワーム	157	13844	1032	560	472	344	39	4515	1475	0	0	0	2026/6/8 22:32	2026/6/9 22:17	3	レア敵	耐久型	無	低火力・高耐久	印候補	336
329	55	瘴気の主	158	14012	1044	564	476	348	48	5020	1640	0	0	0	2026/6/8 22:32	2026/6/9 22:17	3	最深部候補	標準型	無	標準	印候補	340
330	55	瘴気竜ナハシュ	158	21016	1564	848	716	524	126	26291	9401	0	1	0	2026/6/8 22:32	2026/6/9 22:17	3	ボス	状態異常型	無	毒・呪いなどの状態異常を将来実装予定		512
331	56	奈落の影	158	14012	1044	564	476	348	34	3550	1160	0	0	0	2026/6/8 22:32	2026/6/9 22:17	3	雑魚	標準型	闇	標準	通常	340
332	56	深淵騎士	158	14012	1044	564	476	348	34	3785	1235	0	0	0	2026/6/8 22:32	2026/6/9 22:17	3	雑魚	物理型	無	通常攻撃多め	通常	340
333	56	闇の司祭	159	14180	1056	572	484	352	44	4170	1360	0	0	0	2026/6/8 22:32	2026/6/9 22:17	3	やや強い	魔法型	闇	魔法攻撃寄り	通常	344
334	56	階段の番人	160	14348	1068	580	488	356	44	4640	1510	0	0	0	2026/6/8 22:32	2026/6/9 22:17	3	レア敵	標準型	無	標準	印候補	348
335	56	魔将軍アビス	160	14348	1068	580	488	356	46	5197	1691	0	0	0	2026/6/8 22:32	2026/6/9 22:17	3	ボス候補	標準型	無	標準・ボス補正	王印候補	348
336	56	奈落の黒騎士アビス	160	21528	1600	868	732	536	105	40320	14400	0	1	0	2026/6/8 22:32	2026/6/9 22:17	3	ボス	バランス型	闇	突出しすぎない標準ボス		524
337	57	雲スライム	160	14348	1068	580	488	356	31	3615	1180	0	0	0	2026/6/8 22:32	2026/6/9 22:17	3	雑魚	耐久型	水	低火力・高耐久	通常	348
338	57	天空鳥	161	14524	1080	584	492	360	44	3890	1265	0	0	0	2026/6/8 22:32	2026/6/9 22:17	3	雑魚	高速型	水	先制・回避寄り	通常	352
339	57	風の精霊	162	14696	1092	592	500	368	44	4285	1395	0	0	0	2026/6/8 22:32	2026/6/9 22:17	3	やや強い	魔法型	水	魔法攻撃寄り	通常	360
340	57	雲海の兵	162	14696	1092	592	500	368	42	4725	1535	0	0	0	2026/6/8 22:32	2026/6/9 22:17	3	レア敵	物理型	水	通常攻撃多め	印候補	360
341	57	天界の番人	163	14868	1104	600	504	368	49	5250	1710	0	0	0	2026/6/8 22:32	2026/6/9 22:17	3	最深部候補	標準型	水	標準	印候補	360
342	57	雲海の天馬王ペガサス	163	22300	1656	900	760	552	97	27775	9902	0	1	0	2026/6/8 22:32	2026/6/9 22:17	3	ボス	素早さ型	光	AGIが高く先制・回避が得意		540
343	58	天空次元スライム	163	14868	1104	600	504	368	31	3715	1210	0	0	0	2026/6/8 22:32	2026/6/9 22:17	3	雑魚	耐久型	無	低火力・高耐久	通常	360
344	58	天空時空影	164	15040	1116	604	512	376	37	3995	1300	0	0	0	2026/6/8 22:32	2026/6/9 22:17	3	雑魚	標準型	無	標準	通常	364
345	58	天空迷い人の亡霊	165	15216	1132	612	516	376	31	4400	1430	0	0	0	2026/6/8 22:32	2026/6/9 22:17	3	やや強い	アンデッド型	無	闇属性・耐久寄り	通常	368
346	58	天空空間裂け目	165	15216	1132	612	516	376	45	4850	1575	0	0	0	2026/6/8 22:32	2026/6/9 22:17	3	レア敵	標準型	無	標準	印候補	368
347	58	天空回廊主	166	15392	1144	620	524	380	50	5390	1750	0	0	0	2026/6/8 22:32	2026/6/9 22:17	3	最深部候補	標準型	無	標準	印候補	372
348	58	天空剣士セラフ	166	23088	1712	928	784	576	99	28684	10209	0	1	0	2026/6/8 22:32	2026/6/9 22:17	3	ボス	素早さ型	光	AGIが高く先制・回避が得意		560
349	59	雷鳴神殿兵	166	15392	1144	620	524	380	34	3815	1240	0	0	0	2026/6/8 22:32	2026/6/9 22:17	3	雑魚	物理型	光	通常攻撃多め	通常	372
350	59	雷鳴封印守	167	15568	1156	624	528	388	30	4100	1330	0	0	0	2026/6/8 22:32	2026/6/9 22:17	3	雑魚	重装型	光	高防御・鈍足	通常	380
351	59	雷鳴祭壇スライム	168	15748	1168	632	532	388	38	4515	1465	0	0	0	2026/6/8 1:53	2026/6/9 22:17	3	やや強い	耐久型	光	低火力・高耐久	通常	380
352	59	雷鳴司祭	168	15748	1168	632	532	388	51	4980	1615	0	0	0	2026/6/8 1:53	2026/6/9 22:17	3	レア敵	魔法型	光	魔法攻撃寄り	印候補	380
353	59	雷鳴神殿主	169	15924	1180	640	540	396	51	5535	1795	0	0	0	2026/6/8 1:53	2026/6/9 22:17	3	最深部候補	標準型	光	標準	印候補	384
354	59	雷鳴獣トールガル	169	23888	1772	960	808	592	101	29608	10520	0	1	0	2026/6/8 1:53	2026/6/9 22:17	3	ボス	バランス型	光	突出しすぎない標準ボス		580
355	60	天空機兵	169	15924	1180	640	540	396	34	3915	1270	0	0	0	2026/6/8 1:53	2026/6/9 22:17	3	雑魚	物理型	地	通常攻撃多め	通常	384
356	60	浮遊遺跡スライム	170	16108	1196	648	548	400	35	4205	1360	0	0	0	2026/6/8 1:53	2026/6/9 22:17	3	雑魚	耐久型	地	低火力・高耐久	通常	392
357	60	天空石像兵	171	16288	1208	656	552	404	40	4630	1500	0	0	0	2026/6/8 1:53	2026/6/9 22:17	3	やや強い	物理型	地	通常攻撃多め	通常	392
358	60	天空呪文壁	171	16288	1208	656	552	404	35	5110	1655	0	0	0	2026/6/8 1:53	2026/6/9 22:17	3	レア敵	アンデッド型	闇	闇属性・耐久寄り	印候補	392
359	60	天空遺跡守護者	172	16468	1220	660	556	408	41	5675	1835	0	0	0	2026/6/8 1:53	2026/6/9 22:17	3	最深部候補	重装型	地	高防御・鈍足	印候補	400
360	60	古代天使兵長メタトロン	172	24704	1828	992	836	612	103	30547	10836	0	1	0	2026/6/8 1:53	2026/6/9 22:17	3	ボス	バランス型	光	突出しすぎない標準ボス		596
361	61	天使ピクシー	172	16468	1220	660	556	408	40	4015	1300	0	0	0	2026/6/8 1:53	2026/6/9 22:17	3	雑魚	魔法型	光	魔法攻撃寄り	通常	400
362	61	天使庭園騎士	173	16648	1232	668	564	412	37	4315	1395	0	0	0	2026/6/8 1:53	2026/6/9 22:17	3	雑魚	物理型	無	通常攻撃多め	通常	404
363	61	天使光蝶	174	16832	1244	676	572	416	52	4750	1535	0	0	0	2026/6/8 1:53	2026/6/9 22:17	3	やや強い	高速型	光	先制・回避寄り	通常	404
364	61	天使星草スライム	174	16832	1244	676	572	416	52	5240	1690	0	0	0	2026/6/8 1:53	2026/6/9 22:17	3	レア敵	魔法型	光	魔法攻撃寄り	印候補	404
365	61	天使庭園番人	175	17020	1260	684	576	420	53	5820	1880	0	0	0	2026/6/8 1:53	2026/6/9 22:17	3	最深部候補	標準型	無	標準	印候補	412
366	61	庭園の癒天使ラファエラ	175	25528	1888	1024	864	632	105	31500	11156	0	1	0	2026/6/8 1:53	2026/6/9 22:17	3	ボス	バランス型	光	突出しすぎない標準ボス		616
367	62	星辰星読みの亡霊	175	17020	1260	684	576	420	41	4120	1330	0	0	0	2026/6/8 1:53	2026/6/9 22:17	3	雑魚	魔法型	光	魔法攻撃寄り	通常	412
368	62	星辰塔術師	176	17204	1272	688	580	424	44	4425	1425	0	0	0	2026/6/8 1:53	2026/6/9 22:17	3	雑魚	魔法型	無	魔法攻撃寄り	通常	416
369	62	星辰星屑スライム	177	17392	1284	696	588	432	48	4870	1570	0	0	0	2026/6/8 1:53	2026/6/9 22:17	3	やや強い	魔法型	光	魔法攻撃寄り	通常	420
370	62	星辰天文ゴーレム	177	17392	1284	696	588	432	39	5370	1730	0	0	0	2026/6/8 1:53	2026/6/9 22:17	3	レア敵	重装型	無	高防御・鈍足	印候補	420
371	62	星辰塔守護者	178	17576	1300	704	592	432	43	5965	1920	0	0	0	2026/6/8 1:53	2026/6/9 22:17	3	最深部候補	重装型	無	高防御・鈍足	印候補	424
372	62	星辰竜アステリオス	178	26364	1948	1056	892	652	106	32467	11481	0	1	0	2026/6/8 1:53	2026/6/9 22:17	3	ボス	耐久型	光	高HP・高防御で長期戦になりやすい		636
373	63	神域神殿騎士	178	17576	1300	704	592	432	36	4220	1360	0	0	0	2026/6/8 1:53	2026/6/9 22:17	3	雑魚	物理型	光	通常攻撃多め	通常	424
374	63	神域祭壇天使	178	17576	1300	704	592	432	40	4495	1450	0	0	0	2026/6/8 1:53	2026/6/9 22:17	3	雑魚	標準型	光	標準	通常	424
375	63	神域星守護者	179	17768	1312	712	600	440	35	4950	1595	0	0	0	2026/6/8 1:53	2026/6/9 22:17	3	やや強い	重装型	光	高防御・鈍足	通常	428
376	63	神域神官	180	17956	1324	720	608	444	49	5500	1770	0	0	0	2026/6/8 1:53	2026/6/9 22:17	3	レア敵	標準型	光	標準	印候補	432
377	63	雷神ヴォルト	180	17956	1324	720	608	444	52	6160	1982	0	0	0	2026/6/8 1:53	2026/6/9 22:17	3	ボス候補	標準型	雷	標準・ボス補正	王印候補	432
378	63	神々の代行者プロヴィデンス	180	26936	1988	1080	908	664	118	49680	17550	0	1	0	2026/6/8 1:53	2026/6/9 22:17	3	ボス	バランス型	光	突出しすぎない標準ボス		648
379	64	魔王軍歩兵	180	17956	1324	720	608	444	36	4290	1380	0	0	0	2026/6/8 1:53	2026/6/9 22:17	3	雑魚	物理型	無	通常攻撃多め	通常	432
380	64	黒炎スライム	181	18144	1340	728	612	448	37	4605	1480	0	0	0	2026/6/8 1:53	2026/6/9 22:17	3	雑魚	耐久型	火	低火力・高耐久	通常	436
381	64	外郭ガーゴイル	182	18340	1352	736	616	452	45	5070	1630	0	0	0	2026/6/8 1:53	2026/6/9 22:17	3	やや強い	標準型	無	標準	通常	440
382	64	魔城の番犬	182	18340	1352	736	616	452	47	5590	1800	0	0	0	2026/6/8 1:53	2026/6/9 22:17	3	レア敵	物理型	無	通常攻撃多め	印候補	440
383	64	外郭隊長	183	18532	1368	744	624	456	55	6210	1995	0	0	0	2026/6/8 1:53	2026/6/9 22:17	3	最深部候補	標準型	無	標準	印候補	444
384	64	魔王領門番グラオザム	183	27792	2048	1112	936	684	109	34111	12032	0	1	0	2026/6/8 1:53	2026/6/9 22:17	3	ボス	物理型	闇	STRが高く通常攻撃が重い		668
385	65	絶望次元スライム	183	18532	1368	744	624	456	35	4395	1410	0	0	0	2026/6/8 1:53	2026/6/9 22:17	3	雑魚	耐久型	無	低火力・高耐久	通常	444
386	65	絶望時空影	184	18724	1380	748	632	460	42	4715	1515	0	0	0	2026/6/8 1:53	2026/6/9 22:17	3	雑魚	標準型	無	標準	通常	452
387	65	絶望迷い人の亡霊	185	18916	1392	756	640	468	34	5190	1665	0	0	0	2026/6/8 1:53	2026/6/9 22:17	3	やや強い	アンデッド型	無	闇属性・耐久寄り	通常	456
388	65	絶望空間裂け目	185	18916	1392	756	640	468	50	5725	1840	0	0	0	2026/6/8 1:53	2026/6/9 22:17	3	レア敵	標準型	無	標準	印候補	456
389	65	絶望回廊主	186	19112	1408	764	644	472	56	6355	2040	0	0	0	2026/6/8 1:53	2026/6/9 22:17	3	最深部候補	標準型	無	標準	印候補	460
390	65	絶望の幻影ディスペア	186	28668	2112	1144	968	704	149	35116	12369	0	1	0	2026/6/8 1:53	2026/6/9 22:17	3	ボス	状態異常型	闇	毒・呪いなどの状態異常を将来実装予定		688
391	66	魔神兵	186	19112	1408	764	644	472	38	4500	1445	0	0	0	2026/6/8 1:53	2026/6/9 22:17	3	雑魚	物理型	光	通常攻撃多め	通常	460
392	66	黒騎士将	187	19308	1420	772	652	472	40	4830	1550	0	0	0	2026/6/8 1:53	2026/6/9 22:17	3	雑魚	物理型	無	通常攻撃多め	通常	464
393	66	魔神の影	188	19504	1436	780	656	480	46	5315	1705	0	0	0	2026/6/8 1:53	2026/6/9 22:17	3	やや強い	標準型	光	標準	通常	468
394	66	深淵スライム	188	19504	1436	780	656	480	46	5860	1880	0	0	0	2026/6/8 1:53	2026/6/9 22:17	3	レア敵	耐久型	無	低火力・高耐久	印候補	468
395	66	魔神の化身	189	19700	1452	788	664	484	57	6505	2085	0	0	0	2026/6/8 1:53	2026/6/9 22:17	3	最深部候補	標準型	光	標準	印候補	472
396	66	魔神バルゼア	189	29552	2176	1180	996	728	113	36136	12710	0	1	0	2026/6/8 1:53	2026/6/9 22:17	3	ボス	バランス型	光	突出しすぎない標準ボス		712
397	67	囚われた亡霊	189	19700	1452	788	664	484	30	4605	1475	0	0	0	2026/6/8 1:53	2026/6/9 22:17	3	雑魚	アンデッド型	無	闇属性・耐久寄り	通常	472
398	67	鉄格子ゴーレム	190	19900	1464	792	668	488	34	4940	1580	0	0	0	2026/6/8 1:53	2026/6/9 22:17	3	雑魚	重装型	地	高防御・鈍足	通常	476
399	67	深淵ワーム	191	20100	1480	800	676	496	42	5435	1740	0	0	0	2026/6/8 1:53	2026/6/9 22:17	3	やや強い	耐久型	無	低火力・高耐久	通常	484
400	67	看守デーモン	191	20100	1480	800	676	496	49	5995	1920	0	0	0	2026/6/8 1:53	2026/6/9 22:17	3	レア敵	物理型	無	通常攻撃多め	印候補	484
401	67	牢獄の主	192	20300	1496	808	684	500	58	6655	2130	0	0	0	2026/6/8 1:53	2026/6/9 22:17	3	最深部候補	標準型	無	標準	印候補	488
402	67	深淵の獄卒タルタロス	192	30452	2240	1216	1024	748	115	37171	13056	0	1	0	2026/6/8 1:53	2026/6/9 22:17	3	ボス	バランス型	闇	突出しすぎない標準ボス		728
403	68	魔王近衛兵	192	20300	1496	808	684	500	39	4710	1505	0	0	0	2026/6/8 1:53	2026/6/9 22:17	3	雑魚	物理型	無	通常攻撃多め	通常	488
404	68	黒玉座の騎士	193	20500	1508	820	692	504	41	5055	1615	0	0	0	2026/6/8 1:53	2026/6/9 22:17	3	雑魚	物理型	無	通常攻撃多め	通常	492
405	68	闇の大司祭	194	20704	1524	828	696	508	53	5560	1775	0	0	0	2026/6/8 1:53	2026/6/9 22:17	3	やや強い	魔法型	闇	魔法攻撃寄り	通常	496
406	68	魔王の影	194	20704	1524	828	696	508	53	6130	1960	0	0	0	2026/6/8 1:53	2026/6/9 22:17	3	レア敵	標準型	無	標準	印候補	496
407	68	黒き玉座の主	195	20908	1536	832	704	512	58	6805	2175	0	0	0	2026/6/8 1:53	2026/6/9 22:17	3	最深部候補	標準型	無	標準	印候補	500
408	68	黒玉座の親衛隊長レオンハルト	195	31364	2304	1252	1056	768	117	38220	13406	0	1	0	2026/6/8 1:53	2026/6/9 22:17	3	ボス	物理型	闇	STRが高く通常攻撃が重い		748
409	69	魔導炉の魔物	195	20908	1536	832	704	512	45	4815	1540	0	0	0	2026/6/8 1:53	2026/6/9 22:17	3	雑魚	魔法型	無	魔法攻撃寄り	通常	500
410	69	中枢守護機	196	21112	1552	840	708	516	44	5170	1650	0	0	0	2026/6/8 1:53	2026/6/9 22:17	3	雑魚	標準型	無	標準	通常	504
411	69	黒炎竜	197	21320	1564	852	716	520	53	5685	1815	0	0	0	2026/6/8 1:53	2026/6/9 22:17	3	やや強い	竜型	火	高火力・高耐久	通常	508
412	69	魔王軍精鋭	197	21320	1564	852	716	520	54	6270	2000	0	0	0	2026/6/8 1:53	2026/6/9 22:17	3	レア敵	標準型	無	標準	印候補	508
413	69	中枢の守護者	198	21524	1580	856	720	528	47	6960	2220	0	0	0	2026/6/8 1:53	2026/6/9 22:17	3	最深部候補	重装型	無	高防御・鈍足	印候補	516
414	69	魔王城の心臓コア・ヴァルゼリア	198	32288	2372	1284	1084	792	118	39283	13761	0	1	0	2026/6/8 1:53	2026/6/9 22:17	3	ボス	物理型	闇	STRが高く通常攻撃が重い		772
415	70	終焉神殿騎士	198	21524	1580	856	720	528	40	4925	1570	0	0	0	2026/6/8 1:53	2026/6/9 22:17	3	雑魚	物理型	光	通常攻撃多め	通常	516
416	70	終焉祭壇天使	198	21524	1580	856	720	528	45	5245	1670	0	0	0	2026/6/8 1:53	2026/6/9 22:17	3	雑魚	標準型	光	標準	通常	516
417	70	終焉星守護者	199	21732	1596	864	728	532	39	5770	1840	0	0	0	2026/6/8 1:53	2026/6/9 22:17	3	やや強い	重装型	光	高防御・鈍足	通常	520
418	70	終焉神官	200	21940	1612	872	736	536	54	6410	2040	0	0	0	2026/6/8 1:53	2026/6/9 22:17	3	レア敵	標準型	光	標準	印候補	524
419	70	終焉ヴォルト	200	21940	1612	872	736	536	57	7179	2285	0	0	0	2026/6/8 1:53	2026/6/9 22:17	3	ボス候補	標準型	雷	標準・ボス補正	王印候補	524
420	70	魔王ヴァルゼリア	200	39492	2684	1312	1104	804	180	150000	63000	0	1	0	2026/6/8 1:53	2026/6/9 22:17	3	ボス	物理型	闇	STRが高く通常攻撃が重い		788
421	71	深淵王アビスロード	220	39448	2884	1564	1316	960	210	180000	76000	0	1	0	2026/6/8 1:53	2026/6/9 22:17	3	ボス	魔法型	闇	MAGが非常に高く、闇属性の高火力魔法を多用する		936
422	72	錬成炉守護者オルディオン	220	39448	2884	1564	1316	960	160	180000	78000	0	1	0	2026/6/8 1:53	2026/6/9 22:17	3	ボス	防御型	無	DEFとSPRが高く、長期戦になりやすい。魔法攻撃も使用する		936
423	73	竜王バハムート	240	46544	3388	1836	1548	1124	220	220000	90000	0	1	0	2026/6/8 1:53	2026/6/9 22:17	3	ボス	物理型	光	STRが極めて高く、重い物理攻撃とブレス系攻撃を放つ		1096
424	74	次元回廊の支配者クロノアーク	240	46544	3388	1836	1548	1124	260	220000	92000	0	1	0	2026/6/8 1:53	2026/6/9 22:17	3	ボス	速度型	時空	MAGとAGIが高く、先制気味に時空魔法を連発する		1096
